{
 "per_run": {
  "seed42": {
   "0": {
    "cka": 0.6371967899029273,
    "ged": 0.32552954292084735,
    "ber": 0.6698717948717948,
    "consistency": -0.0002455244248267263,
    "tau": 0.5609,
    "n_actions": 24,
    "n_styles": 13
   },
   "1": {
    "cka": 0.6454172634666724,
    "ged": 0.3581382385730212,
    "ber": 0.7051282051282052,
    "consistency": 0.009896170347929,
    "tau": 0.5609,
    "n_actions": 24,
    "n_styles": 13
   },
   "2": {
    "cka": 0.5173586091089626,
    "ged": 0.38210702341137115,
    "ber": 0.7628205128205128,
    "consistency": 0.024701526388525963,
    "tau": 0.647,
    "n_actions": 24,
    "n_styles": 13
   }
  },
  "seed43": {
   "0": {
    "cka": 0.5511832978044298,
    "ged": 0.38099219620958746,
    "ber": 0.6217948717948718,
    "consistency": 0.0016915692249312997,
    "tau": 0.564,
    "n_actions": 24,
    "n_styles": 13
   },
   "1": {
    "cka": 0.5509037686032825,
    "ged": 0.3835005574136009,
    "ber": 0.657051282051282,
    "consistency": 0.012355323880910873,
    "tau": 0.564,
    "n_actions": 24,
    "n_styles": 13
   },
   "2": {
    "cka": 0.5015848820722828,
    "ged": 0.39269788182831655,
    "ber": 0.7339743589743589,
    "consistency": 0.015589768998324871,
    "tau": 0.6261,
    "n_actions": 24,
    "n_styles": 13
   }
  },
  "seed44": {
   "0": {
    "cka": 0.6095672636632746,
    "ged": 0.3745819397993311,
    "ber": 0.6474358974358975,
    "consistency": 0.008316915482282639,
    "tau": 0.5903,
    "n_actions": 24,
    "n_styles": 13
   },
   "1": {
    "cka": 0.632749212119059,
    "ged": 0.374860646599777,
    "ber": 0.6185897435897436,
    "consistency": 0.008255165070295334,
    "tau": 0.5903,
    "n_actions": 24,
    "n_styles": 13
   },
   "2": {
    "cka": 0.5280050814902629,
    "ged": 0.3617614269788183,
    "ber": 0.7275641025641025,
    "consistency": 0.02883397601544857,
    "tau": 0.6499,
    "n_actions": 24,
    "n_styles": 13
   }
  },
  "seed45": {
   "0": {
    "cka": 0.5699999056356664,
    "ged": 0.32748049052396877,
    "ber": 0.6506410256410257,
    "consistency": 0.009568465873599052,
    "tau": 0.4652,
    "n_actions": 24,
    "n_styles": 13
   },
   "1": {
    "cka": 0.558116361532789,
    "ged": 0.36426978818283157,
    "ber": 0.7019230769230769,
    "consistency": 0.005618539173156023,
    "tau": 0.4652,
    "n_actions": 24,
    "n_styles": 13
   },
   "2": {
    "cka": 0.503908964442281,
    "ged": 0.32803790412486067,
    "ber": 0.7211538461538461,
    "consistency": 0.03238007053732872,
    "tau": 0.6292,
    "n_actions": 24,
    "n_styles": 13
   }
  },
  "seed46": {
   "0": {
    "cka": 0.5994651940370649,
    "ged": 0.3586956521739131,
    "ber": 0.6730769230769231,
    "consistency": -0.0010261634597554803,
    "tau": 0.5691,
    "n_actions": 24,
    "n_styles": 13
   },
   "1": {
    "cka": 0.6016318255157975,
    "ged": 0.37040133779264217,
    "ber": 0.6826923076923077,
    "consistency": -0.0028392821550369263,
    "tau": 0.5691,
    "n_actions": 24,
    "n_styles": 13
   },
   "2": {
    "cka": 0.5295833151931643,
    "ged": 0.37764771460423635,
    "ber": 0.7339743589743589,
    "consistency": 0.021455934271216393,
    "tau": 0.6655,
    "n_actions": 24,
    "n_styles": 13
   }
  }
 },
 "summary": {
  "cka": {
   "primary_template_mean": 0.5935,
   "primary_template_sd": 0.0302,
   "pooled_mean": 0.5691,
   "pooled_sd": 0.0474,
   "n_seeds": 5,
   "n_templates": 3
  },
  "ged": {
   "primary_template_mean": 0.3535,
   "primary_template_sd": 0.0232,
   "pooled_mean": 0.364,
   "pooled_sd": 0.0207,
   "n_seeds": 5,
   "n_templates": 3
  },
  "ber": {
   "primary_template_mean": 0.6526,
   "primary_template_sd": 0.0184,
   "pooled_mean": 0.6872,
   "pooled_sd": 0.0422,
   "n_seeds": 5,
   "n_templates": 3
  },
  "consistency": {
   "primary_template_mean": 0.0037,
   "primary_template_sd": 0.0044,
   "pooled_mean": 0.0116,
   "pooled_sd": 0.0106,
   "n_seeds": 5,
   "n_templates": 3
  },
  "greedy_reference": {
   "0": {
    "cka": 0.5255,
    "ged": 0.3693,
    "ber": 0.6378,
    "consistency": -0.003,
    "tau": 0.536
   },
   "1": {
    "cka": 0.5613,
    "ged": 0.3554,
    "ber": 0.6442,
    "consistency": -0.008,
    "tau": 0.536
   },
   "2": {
    "cka": 0.5206,
    "ged": 0.3788,
    "ber": 0.7628,
    "consistency": 0.0195,
    "tau": 0.6011
   }
  }
 }
}