{
 "per_run": {
  "seed42": {
   "0": {
    "cka": 0.9464530421627855,
    "ged": 0.14186176142697882,
    "ber": 0.02564102564102564,
    "consistency": 0.06599363684654236,
    "tau": 0.0196,
    "n_actions": 24,
    "n_styles": 13
   },
   "1": {
    "cka": 0.9409098034840054,
    "ged": 0.15719063545150502,
    "ber": 0.028846153846153848,
    "consistency": 0.07491994649171829,
    "tau": 0.0196,
    "n_actions": 24,
    "n_styles": 13
   },
   "2": {
    "cka": 0.9410591028915165,
    "ged": 0.15412486064659975,
    "ber": 0.041666666666666664,
    "consistency": 0.08907279372215271,
    "tau": 0.0236,
    "n_actions": 24,
    "n_styles": 13
   }
  },
  "seed43": {
   "0": {
    "cka": 0.9586776057690963,
    "ged": 0.11204013377926422,
    "ber": 0.022435897435897436,
    "consistency": 0.05608991160988808,
    "tau": 0.0365,
    "n_actions": 24,
    "n_styles": 13
   },
   "1": {
    "cka": 0.9524175250127485,
    "ged": 0.1254180602006689,
    "ber": 0.028846153846153848,
    "consistency": 0.053992606699466705,
    "tau": 0.0365,
    "n_actions": 24,
    "n_styles": 13
   },
   "2": {
    "cka": 0.9445439571250016,
    "ged": 0.13628762541806022,
    "ber": 0.035256410256410256,
    "consistency": 0.08754216879606247,
    "tau": 0.0357,
    "n_actions": 24,
    "n_styles": 13
   }
  },
  "seed44": {
   "0": {
    "cka": 0.9472315816614993,
    "ged": 0.13656633221850614,
    "ber": 0.041666666666666664,
    "consistency": 0.0529070645570755,
    "tau": 0.0577,
    "n_actions": 24,
    "n_styles": 13
   },
   "1": {
    "cka": 0.9412981441506916,
    "ged": 0.13879598662207357,
    "ber": 0.04807692307692308,
    "consistency": 0.05824345722794533,
    "tau": 0.0577,
    "n_actions": 24,
    "n_styles": 13
   },
   "2": {
    "cka": 0.9272191253859925,
    "ged": 0.15746934225195094,
    "ber": 0.0641025641025641,
    "consistency": 0.08355239778757095,
    "tau": 0.0719,
    "n_actions": 24,
    "n_styles": 13
   }
  },
  "seed45": {
   "0": {
    "cka": 0.9623953926043959,
    "ged": 0.11872909698996657,
    "ber": 0.01282051282051282,
    "consistency": 0.05362331494688988,
    "tau": 0.0396,
    "n_actions": 24,
    "n_styles": 13
   },
   "1": {
    "cka": 0.9615453136298853,
    "ged": 0.12095875139353397,
    "ber": 0.019230769230769232,
    "consistency": 0.06130746379494667,
    "tau": 0.0396,
    "n_actions": 24,
    "n_styles": 13
   },
   "2": {
    "cka": 0.9480890296957096,
    "ged": 0.15551839464882944,
    "ber": 0.016025641025641024,
    "consistency": 0.0649036094546318,
    "tau": 0.0394,
    "n_actions": 24,
    "n_styles": 13
   }
  },
  "seed46": {
   "0": {
    "cka": 0.9563763136280498,
    "ged": 0.1360089186176143,
    "ber": 0.05128205128205128,
    "consistency": 0.06554148346185684,
    "tau": 0.0429,
    "n_actions": 24,
    "n_styles": 13
   },
   "1": {
    "cka": 0.9518471382624535,
    "ged": 0.14046822742474918,
    "ber": 0.041666666666666664,
    "consistency": 0.07267092913389206,
    "tau": 0.0429,
    "n_actions": 24,
    "n_styles": 13
   },
   "2": {
    "cka": 0.9380434054028058,
    "ged": 0.15384615384615383,
    "ber": 0.04487179487179487,
    "consistency": 0.08913182467222214,
    "tau": 0.0529,
    "n_actions": 24,
    "n_styles": 13
   }
  }
 },
 "summary": {
  "cka": {
   "primary_template_mean": 0.9542,
   "primary_template_sd": 0.0063,
   "pooled_mean": 0.9479,
   "pooled_sd": 0.0093,
   "n_seeds": 5,
   "n_templates": 3
  },
  "ged": {
   "primary_template_mean": 0.129,
   "primary_template_sd": 0.0115,
   "pooled_mean": 0.139,
   "pooled_sd": 0.0143,
   "n_seeds": 5,
   "n_templates": 3
  },
  "ber": {
   "primary_template_mean": 0.0308,
   "primary_template_sd": 0.0138,
   "pooled_mean": 0.0348,
   "pooled_sd": 0.014,
   "n_seeds": 5,
   "n_templates": 3
  },
  "consistency": {
   "primary_template_mean": 0.0588,
   "primary_template_sd": 0.0058,
   "pooled_mean": 0.0686,
   "pooled_sd": 0.0129,
   "n_seeds": 5,
   "n_templates": 3
  }
 }
}