{
 "per_run": {
  "seed42": {
   "0": {
    "cka": 0.7287695655659875,
    "ged": 0.2410813823857302,
    "ber": 0.3525641025641026,
    "consistency": 0.04909525066614151,
    "tau": -0.013,
    "n_actions": 24,
    "n_styles": 13
   },
   "1": {
    "cka": 0.6895529872842239,
    "ged": 0.2798216276477146,
    "ber": 0.40384615384615385,
    "consistency": 0.049989648163318634,
    "tau": -0.013,
    "n_actions": 24,
    "n_styles": 13
   },
   "2": {
    "cka": 0.652082079742599,
    "ged": 0.3163322185061316,
    "ber": 0.3717948717948718,
    "consistency": 0.06276602298021317,
    "tau": 0.061,
    "n_actions": 24,
    "n_styles": 13
   }
  },
  "seed43": {
   "0": {
    "cka": 0.7089502543820531,
    "ged": 0.2764771460423634,
    "ber": 0.33974358974358976,
    "consistency": 0.03501387685537338,
    "tau": -0.0222,
    "n_actions": 24,
    "n_styles": 13
   },
   "1": {
    "cka": 0.6717301701878132,
    "ged": 0.2954292084726867,
    "ber": 0.3782051282051282,
    "consistency": 0.037303950637578964,
    "tau": -0.0222,
    "n_actions": 24,
    "n_styles": 13
   },
   "2": {
    "cka": 0.6233352736381139,
    "ged": 0.34364548494983277,
    "ber": 0.4166666666666667,
    "consistency": 0.048812076449394226,
    "tau": 0.0153,
    "n_actions": 24,
    "n_styles": 13
   }
  },
  "seed44": {
   "0": {
    "cka": 0.7529371036744392,
    "ged": 0.27424749163879597,
    "ber": 0.3141025641025641,
    "consistency": 0.04351676255464554,
    "tau": -0.0309,
    "n_actions": 24,
    "n_styles": 13
   },
   "1": {
    "cka": 0.6916541113421395,
    "ged": 0.30964325529542924,
    "ber": 0.3717948717948718,
    "consistency": 0.05038084089756012,
    "tau": -0.0309,
    "n_actions": 24,
    "n_styles": 13
   },
   "2": {
    "cka": 0.7270684154881832,
    "ged": 0.26616499442586405,
    "ber": 0.3685897435897436,
    "consistency": 0.04920884221792221,
    "tau": 0.0214,
    "n_actions": 24,
    "n_styles": 13
   }
  },
  "seed45": {
   "0": {
    "cka": 0.7187458779928407,
    "ged": 0.3001672240802675,
    "ber": 0.28525641025641024,
    "consistency": 0.034547723829746246,
    "tau": -0.0278,
    "n_actions": 24,
    "n_styles": 13
   },
   "1": {
    "cka": 0.6851563906525667,
    "ged": 0.3263656633221851,
    "ber": 0.33974358974358976,
    "consistency": 0.046797268092632294,
    "tau": -0.0278,
    "n_actions": 24,
    "n_styles": 13
   },
   "2": {
    "cka": 0.6792128581870769,
    "ged": 0.32329988851727987,
    "ber": 0.3557692307692308,
    "consistency": 0.05141596123576164,
    "tau": -0.0049,
    "n_actions": 24,
    "n_styles": 13
   }
  },
  "seed46": {
   "0": {
    "cka": 0.7122025324720239,
    "ged": 0.27898550724637683,
    "ber": 0.3108974358974359,
    "consistency": 0.0400763601064682,
    "tau": -0.0101,
    "n_actions": 24,
    "n_styles": 13
   },
   "1": {
    "cka": 0.6931665047993708,
    "ged": 0.2845596432552954,
    "ber": 0.33974358974358976,
    "consistency": 0.03899114951491356,
    "tau": -0.0101,
    "n_actions": 24,
    "n_styles": 13
   },
   "2": {
    "cka": 0.6637789826133235,
    "ged": 0.2817725752508362,
    "ber": 0.36217948717948717,
    "consistency": 0.0567268468439579,
    "tau": 0.0525,
    "n_actions": 24,
    "n_styles": 13
   }
  }
 },
 "summary": {
  "cka": {
   "primary_template_mean": 0.7243,
   "primary_template_sd": 0.0158,
   "pooled_mean": 0.6932,
   "pooled_sd": 0.0321,
   "n_seeds": 5,
   "n_templates": 3
  },
  "ged": {
   "primary_template_mean": 0.2742,
   "primary_template_sd": 0.019,
   "pooled_mean": 0.2932,
   "pooled_sd": 0.0259,
   "n_seeds": 5,
   "n_templates": 3
  },
  "ber": {
   "primary_template_mean": 0.3205,
   "primary_template_sd": 0.0236,
   "pooled_mean": 0.3541,
   "pooled_sd": 0.0334,
   "n_seeds": 5,
   "n_templates": 3
  },
  "consistency": {
   "primary_template_mean": 0.0404,
   "primary_template_sd": 0.0055,
   "pooled_mean": 0.0463,
   "pooled_sd": 0.0078,
   "n_seeds": 5,
   "n_templates": 3
  }
 }
}